Id,Label
0,non-offensive
1,offensive
2,non-offensive
3,descriptive
4,descriptive
5,descriptive
6,non-offensive
7,descriptive
8,offensive
9,descriptive
10,descriptive
11,descriptive
12,non-offensive
13,non-offensive
14,descriptive
15,reporting
16,non-offensive
17,non-offensive
18,non-offensive
19,descriptive
20,non-offensive
21,non-offensive
22,non-offensive
23,descriptive
24,non-offensive
25,non-offensive
26,non-offensive
27,non-offensive
28,descriptive
29,offensive
30,non-offensive
31,non-offensive
32,descriptive
33,reporting
34,descriptive
35,offensive
36,descriptive
37,descriptive
38,non-offensive
39,descriptive
40,non-offensive
41,offensive
42,offensive
43,non-offensive
44,direct
45,descriptive
46,descriptive
47,non-offensive
48,descriptive
49,descriptive
50,non-offensive
51,descriptive
52,non-offensive
53,descriptive
54,non-offensive
55,non-offensive
56,non-offensive
57,offensive
58,offensive
59,non-offensive
60,descriptive
61,descriptive
62,non-offensive
63,descriptive
64,non-offensive
65,descriptive
66,offensive
67,descriptive
68,non-offensive
69,non-offensive
70,non-offensive
71,non-offensive
72,non-offensive
73,non-offensive
74,descriptive
75,non-offensive
76,descriptive
77,descriptive
78,offensive
79,direct
80,non-offensive
81,descriptive
82,non-offensive
83,offensive
84,descriptive
85,non-offensive
86,non-offensive
87,descriptive
88,offensive
89,reporting
90,reporting
91,direct
92,non-offensive
93,direct
94,descriptive
95,non-offensive
96,descriptive
97,descriptive
98,non-offensive
99,non-offensive
100,reporting
101,descriptive
102,descriptive
103,descriptive
104,non-offensive
105,descriptive
106,descriptive
107,offensive
108,descriptive
109,descriptive
110,descriptive
111,non-offensive
112,non-offensive
113,descriptive
114,non-offensive
115,offensive
116,descriptive
117,direct
118,non-offensive
119,descriptive
120,non-offensive
121,descriptive
122,descriptive
123,descriptive
124,descriptive
125,descriptive
126,non-offensive
127,non-offensive
128,descriptive
129,descriptive
130,descriptive
131,offensive
132,descriptive
133,descriptive
134,non-offensive
135,descriptive
136,descriptive
137,non-offensive
138,non-offensive
139,offensive
140,descriptive
141,non-offensive
142,descriptive
143,reporting
144,non-offensive
145,offensive
146,descriptive
147,non-offensive
148,offensive
149,non-offensive
150,direct
151,non-offensive
152,offensive
153,reporting
154,reporting
155,reporting
156,non-offensive
157,descriptive
158,non-offensive
159,non-offensive
160,descriptive
161,non-offensive
162,non-offensive
163,non-offensive
164,non-offensive
165,descriptive
166,non-offensive
167,descriptive
168,non-offensive
169,reporting
170,descriptive
171,reporting
172,descriptive
173,descriptive
174,descriptive
175,descriptive
176,non-offensive
177,descriptive
178,offensive
179,non-offensive
180,offensive
181,direct
182,descriptive
183,offensive
184,descriptive
185,descriptive
186,reporting
187,non-offensive
188,non-offensive
189,non-offensive
190,reporting
191,reporting
192,reporting
193,reporting
194,offensive
195,offensive
196,non-offensive
197,non-offensive
198,descriptive
199,direct
200,non-offensive
201,non-offensive
202,non-offensive
203,descriptive
204,non-offensive
205,non-offensive
206,descriptive
207,reporting
208,descriptive
209,non-offensive
210,descriptive
211,non-offensive
212,descriptive
213,offensive
214,descriptive
215,descriptive
216,descriptive
217,reporting
218,descriptive
219,descriptive
220,non-offensive
221,descriptive
222,non-offensive
223,offensive
224,descriptive
225,non-offensive
226,non-offensive
227,descriptive
228,reporting
229,descriptive
230,non-offensive
231,non-offensive
232,non-offensive
233,non-offensive
234,non-offensive
235,descriptive
236,direct
237,descriptive
238,reporting
239,non-offensive
240,reporting
241,descriptive
242,reporting
243,non-offensive
244,offensive
245,descriptive
246,descriptive
247,non-offensive
248,descriptive
249,descriptive
250,descriptive
251,descriptive
252,non-offensive
253,offensive
254,descriptive
255,descriptive
256,non-offensive
257,reporting
258,reporting
259,non-offensive
260,descriptive
261,non-offensive
262,reporting
263,non-offensive
264,descriptive
265,non-offensive
266,non-offensive
267,non-offensive
268,non-offensive
269,non-offensive
270,non-offensive
271,descriptive
272,direct
273,non-offensive
274,non-offensive
275,non-offensive
276,descriptive
277,offensive
278,non-offensive
279,offensive
280,reporting
281,offensive
282,descriptive
283,non-offensive
284,offensive
285,non-offensive
286,non-offensive
287,non-offensive
288,descriptive
289,non-offensive
290,direct
291,non-offensive
292,descriptive
293,non-offensive
294,non-offensive
295,non-offensive
296,offensive
297,offensive
298,non-offensive
299,non-offensive
300,descriptive
301,direct
302,non-offensive
303,non-offensive
304,descriptive
305,non-offensive
306,descriptive
307,non-offensive
308,non-offensive
309,non-offensive
310,non-offensive
311,non-offensive
312,descriptive
313,non-offensive
314,non-offensive
315,non-offensive
316,reporting
317,descriptive
318,descriptive
319,descriptive
320,non-offensive
321,reporting
322,non-offensive
323,direct
324,non-offensive
325,descriptive
326,descriptive
327,direct
328,reporting
329,non-offensive
330,non-offensive
331,reporting
332,descriptive
333,non-offensive
334,offensive
335,non-offensive
336,non-offensive
337,non-offensive
338,offensive
339,offensive
340,direct
341,descriptive
342,non-offensive
343,non-offensive
344,non-offensive
345,non-offensive
346,non-offensive
347,descriptive
348,descriptive
349,descriptive
350,descriptive
351,reporting
352,non-offensive
353,descriptive
354,non-offensive
355,offensive
356,non-offensive
357,non-offensive
358,non-offensive
359,non-offensive
360,offensive
361,non-offensive
362,non-offensive
363,non-offensive
364,offensive
365,non-offensive
366,non-offensive
367,offensive
368,reporting
369,direct
370,reporting
371,non-offensive
372,offensive
373,descriptive
374,descriptive
375,non-offensive
376,descriptive
377,direct
378,offensive
379,offensive
380,reporting
381,non-offensive
382,offensive
383,offensive
384,descriptive
385,non-offensive
386,descriptive
387,non-offensive
388,descriptive
389,non-offensive
390,direct
391,non-offensive
392,descriptive
393,non-offensive
394,non-offensive
395,offensive
396,non-offensive
397,descriptive
398,descriptive
399,non-offensive
400,descriptive
401,descriptive
402,reporting
403,direct
404,non-offensive
405,descriptive
406,descriptive
407,descriptive
408,non-offensive
409,offensive
410,descriptive
411,descriptive
412,reporting
413,reporting
414,reporting
415,non-offensive
416,descriptive
417,offensive
418,descriptive
419,non-offensive
420,descriptive
421,non-offensive
422,non-offensive
423,non-offensive
424,reporting
425,non-offensive
426,reporting
427,non-offensive
428,descriptive
429,descriptive
430,non-offensive
431,descriptive
432,direct
433,non-offensive
434,descriptive
435,non-offensive
436,non-offensive
437,descriptive
438,offensive
439,descriptive
440,non-offensive
441,descriptive
442,descriptive
443,descriptive
444,non-offensive
445,descriptive
446,direct
447,non-offensive
448,non-offensive
449,non-offensive
450,descriptive
451,non-offensive
452,descriptive
453,descriptive
454,reporting
455,non-offensive
456,descriptive
457,descriptive
458,descriptive
459,non-offensive
460,non-offensive
461,descriptive
462,descriptive
463,direct
464,descriptive
465,non-offensive
466,non-offensive
467,descriptive
468,descriptive
469,reporting
470,non-offensive
471,reporting
472,offensive
473,reporting
474,non-offensive
475,offensive
476,non-offensive
477,non-offensive
478,offensive
479,non-offensive
480,offensive
481,non-offensive
482,descriptive
483,reporting
484,non-offensive
485,descriptive
486,reporting
487,descriptive
488,non-offensive
489,descriptive
490,offensive
491,non-offensive
492,non-offensive
493,reporting
494,descriptive
495,non-offensive
496,offensive
497,non-offensive
498,direct
499,offensive
500,descriptive
501,descriptive
502,direct
503,non-offensive
504,direct
505,non-offensive
506,descriptive
507,descriptive
508,descriptive
509,offensive
510,descriptive
511,non-offensive
512,descriptive
513,descriptive
514,reporting
515,descriptive
516,descriptive
517,descriptive
518,descriptive
519,descriptive
520,descriptive
521,reporting
522,reporting
523,non-offensive
524,non-offensive
525,descriptive
526,non-offensive
527,offensive
528,non-offensive
529,non-offensive
530,offensive
531,offensive
532,non-offensive
533,non-offensive
534,non-offensive
535,direct
536,offensive
537,non-offensive
538,non-offensive
539,descriptive
540,descriptive
541,non-offensive
542,offensive
543,descriptive
544,non-offensive
545,non-offensive
546,offensive
547,non-offensive
548,descriptive
549,offensive
550,descriptive
551,non-offensive
552,non-offensive
553,offensive
554,non-offensive
555,non-offensive
556,descriptive
557,non-offensive
558,non-offensive
559,non-offensive
560,descriptive
561,descriptive
562,non-offensive
563,descriptive
564,descriptive
565,descriptive
566,offensive
567,descriptive
568,non-offensive
569,non-offensive
570,non-offensive
571,non-offensive
572,non-offensive
573,non-offensive
574,reporting
575,descriptive
576,descriptive
577,descriptive
578,offensive
579,non-offensive
580,reporting
581,descriptive
582,offensive
583,non-offensive
584,direct
585,offensive
586,offensive
587,direct
588,non-offensive
589,non-offensive
590,descriptive
591,non-offensive
592,descriptive
593,offensive
594,non-offensive
595,offensive
596,descriptive
597,descriptive
598,non-offensive
599,descriptive
600,non-offensive
601,descriptive
602,reporting
603,descriptive
604,offensive
605,offensive
606,reporting
607,descriptive
608,offensive
609,non-offensive
610,descriptive
611,non-offensive
612,descriptive
613,non-offensive
614,non-offensive
615,descriptive
616,non-offensive
617,non-offensive
618,descriptive
619,non-offensive
620,direct
621,descriptive
622,descriptive
623,non-offensive
624,non-offensive
625,non-offensive
626,descriptive
627,descriptive
628,descriptive
629,descriptive
630,descriptive
631,non-offensive
632,offensive
633,descriptive
634,non-offensive
635,reporting
636,direct
637,non-offensive
638,descriptive
639,reporting
640,non-offensive
641,descriptive
642,non-offensive
643,descriptive
644,non-offensive
645,non-offensive
646,descriptive
647,non-offensive
648,descriptive
649,reporting
650,non-offensive
651,descriptive
652,non-offensive
653,non-offensive
654,non-offensive
655,offensive
656,descriptive
657,descriptive
658,reporting
659,offensive
660,offensive
661,descriptive
662,non-offensive
663,non-offensive
664,non-offensive
665,reporting
666,descriptive
667,reporting
668,descriptive
669,direct
670,non-offensive
671,descriptive
672,non-offensive
673,non-offensive
674,descriptive
675,descriptive
676,offensive
677,offensive
678,descriptive
679,non-offensive
680,offensive
681,descriptive
682,descriptive
683,descriptive
684,descriptive
685,non-offensive
686,non-offensive
687,direct
688,descriptive
689,descriptive
690,non-offensive
691,non-offensive
692,descriptive
693,non-offensive
694,descriptive
695,non-offensive
696,reporting
697,non-offensive
698,offensive
699,descriptive
700,non-offensive
701,non-offensive
702,descriptive
703,offensive
704,reporting
705,descriptive
706,offensive
707,descriptive
708,non-offensive
709,non-offensive
710,non-offensive
711,non-offensive
712,reporting
713,reporting
714,descriptive
715,descriptive
716,non-offensive
717,descriptive
718,descriptive
719,offensive
720,descriptive
721,non-offensive
722,descriptive
723,descriptive
724,non-offensive
725,reporting
726,non-offensive
727,offensive
728,offensive
729,descriptive
730,non-offensive
731,descriptive
732,offensive
733,non-offensive
734,non-offensive
735,non-offensive
736,reporting
737,descriptive
738,non-offensive
739,descriptive
740,non-offensive
741,descriptive
742,non-offensive
743,non-offensive
744,descriptive
745,offensive
746,descriptive
747,offensive
748,descriptive
749,descriptive
750,non-offensive
751,non-offensive
752,non-offensive
753,non-offensive
754,non-offensive
755,descriptive
756,descriptive
757,non-offensive
758,non-offensive
759,reporting
760,descriptive
761,offensive
762,offensive
763,offensive
764,descriptive
765,direct
766,non-offensive
767,non-offensive
768,descriptive
769,reporting
770,non-offensive
771,non-offensive
772,descriptive
773,direct
774,direct
775,non-offensive
776,non-offensive
777,non-offensive
778,descriptive
779,offensive
780,direct
781,non-offensive
782,descriptive
783,non-offensive
784,descriptive
785,reporting
786,reporting
787,reporting
788,non-offensive
789,non-offensive
790,offensive
791,non-offensive
792,descriptive
793,descriptive
794,offensive
795,offensive
796,descriptive
797,non-offensive
798,reporting
799,direct
800,offensive
801,direct
802,descriptive
803,reporting
804,descriptive
805,descriptive
806,non-offensive
807,non-offensive
808,non-offensive
809,non-offensive
810,non-offensive
811,reporting
812,descriptive
813,descriptive
814,non-offensive
815,descriptive
816,offensive
817,non-offensive
818,non-offensive
819,descriptive
820,descriptive
821,descriptive
822,non-offensive
823,descriptive
824,non-offensive
825,descriptive
826,direct
827,descriptive
828,descriptive
829,descriptive
830,descriptive
831,non-offensive
832,direct
833,descriptive
834,reporting
835,descriptive
836,reporting
837,descriptive
838,descriptive
839,offensive
840,descriptive
841,non-offensive
842,offensive
843,non-offensive
844,non-offensive
845,reporting
846,descriptive
847,non-offensive
848,offensive
849,offensive
850,non-offensive
851,descriptive
852,direct
853,descriptive
854,offensive
855,non-offensive
856,non-offensive
857,descriptive
858,non-offensive
859,non-offensive
860,non-offensive
861,offensive
862,non-offensive
863,descriptive
864,offensive
865,non-offensive
866,non-offensive
867,direct
868,non-offensive
869,descriptive
870,non-offensive
871,descriptive
872,non-offensive
873,descriptive
874,descriptive
875,non-offensive
876,non-offensive
877,offensive
878,non-offensive
879,non-offensive
880,non-offensive
881,non-offensive
882,offensive
883,offensive
884,offensive
885,descriptive
886,reporting
887,non-offensive
888,non-offensive
889,non-offensive
890,descriptive
891,descriptive
892,non-offensive
893,non-offensive
894,descriptive
895,non-offensive
896,reporting
897,direct
898,non-offensive
899,direct
900,non-offensive
901,non-offensive
902,reporting
903,descriptive
904,non-offensive
905,non-offensive
906,non-offensive
907,non-offensive
908,descriptive
909,non-offensive
910,non-offensive
911,descriptive
912,non-offensive
913,non-offensive
914,descriptive
915,non-offensive
916,non-offensive
917,descriptive
918,offensive
919,direct
920,descriptive
921,offensive
922,reporting
923,non-offensive
924,non-offensive
925,descriptive
926,descriptive
927,non-offensive
928,descriptive
929,non-offensive
930,non-offensive
931,descriptive
932,non-offensive
933,reporting
934,descriptive
935,descriptive
936,non-offensive
937,non-offensive
938,non-offensive
939,offensive
940,reporting
941,non-offensive
942,non-offensive
943,descriptive
944,reporting
945,non-offensive
946,non-offensive
947,descriptive
948,descriptive
949,non-offensive
950,descriptive
951,non-offensive
952,non-offensive
953,reporting
954,reporting
955,non-offensive
956,non-offensive
957,non-offensive
958,offensive
959,non-offensive
960,descriptive
961,non-offensive
962,non-offensive
963,non-offensive
964,direct
965,non-offensive
966,non-offensive
967,descriptive
968,descriptive
969,descriptive
970,non-offensive
971,non-offensive
972,non-offensive
973,non-offensive
974,descriptive
975,non-offensive
976,descriptive
977,non-offensive
978,offensive
979,non-offensive
980,non-offensive
981,non-offensive
982,reporting
983,descriptive
984,descriptive
985,non-offensive
986,reporting
987,descriptive
988,non-offensive
989,offensive
990,non-offensive
991,reporting
992,descriptive
993,descriptive
994,descriptive
995,non-offensive
996,non-offensive
997,non-offensive
998,non-offensive
999,offensive
1000,offensive
1001,non-offensive
1002,reporting
1003,reporting
1004,descriptive
1005,non-offensive
1006,non-offensive
1007,offensive
1008,offensive
1009,descriptive
1010,non-offensive
1011,non-offensive
1012,descriptive
1013,non-offensive
1014,offensive
1015,offensive
1016,non-offensive
1017,descriptive
1018,non-offensive
1019,non-offensive
1020,offensive
1021,non-offensive
1022,offensive
1023,descriptive
1024,descriptive
1025,non-offensive
1026,descriptive
1027,non-offensive
1028,offensive
1029,offensive
1030,descriptive
1031,offensive
1032,offensive
1033,reporting
1034,descriptive
1035,descriptive
1036,non-offensive
1037,non-offensive
1038,non-offensive
1039,offensive
1040,non-offensive
1041,descriptive
1042,descriptive
1043,offensive
1044,offensive
1045,descriptive
1046,non-offensive
1047,non-offensive
1048,descriptive
1049,non-offensive
1050,descriptive
1051,offensive
1052,offensive
1053,non-offensive
1054,descriptive
1055,offensive
1056,offensive
1057,descriptive
1058,reporting
1059,offensive
1060,non-offensive
1061,non-offensive
1062,non-offensive
1063,offensive
1064,descriptive
1065,descriptive
1066,non-offensive
1067,reporting
1068,non-offensive
1069,descriptive
1070,non-offensive
1071,descriptive
1072,non-offensive
1073,non-offensive
1074,non-offensive
1075,non-offensive
1076,non-offensive
1077,reporting
1078,descriptive
1079,descriptive
1080,descriptive
1081,non-offensive
1082,non-offensive
1083,non-offensive
1084,non-offensive
1085,non-offensive
1086,descriptive
1087,offensive
1088,non-offensive
1089,reporting
1090,non-offensive
1091,direct
1092,descriptive
1093,non-offensive
1094,non-offensive
1095,non-offensive
1096,descriptive
1097,offensive
1098,descriptive
1099,descriptive
1100,descriptive
1101,descriptive
1102,descriptive
1103,non-offensive
1104,descriptive
1105,offensive
1106,descriptive
1107,non-offensive
1108,descriptive
1109,offensive
1110,direct
1111,descriptive
1112,non-offensive
1113,offensive
1114,non-offensive
1115,descriptive
1116,offensive
1117,descriptive
1118,non-offensive
1119,non-offensive
1120,non-offensive
1121,non-offensive
1122,descriptive
1123,non-offensive
1124,descriptive
1125,non-offensive
1126,descriptive
1127,offensive
1128,non-offensive
1129,reporting
1130,offensive
1131,offensive
1132,descriptive
1133,non-offensive
1134,descriptive
1135,non-offensive
1136,non-offensive
1137,descriptive
1138,offensive
1139,descriptive
1140,non-offensive
1141,non-offensive
1142,reporting
1143,non-offensive
1144,reporting
1145,non-offensive
1146,descriptive
1147,descriptive
1148,non-offensive
1149,non-offensive
1150,non-offensive
1151,descriptive
1152,reporting
1153,offensive
1154,direct
1155,reporting
1156,non-offensive
1157,non-offensive
1158,non-offensive
1159,offensive
1160,reporting
1161,reporting
1162,non-offensive
1163,reporting
1164,offensive
1165,non-offensive
1166,non-offensive
1167,direct
1168,direct
1169,offensive
1170,descriptive
1171,descriptive
1172,descriptive
1173,descriptive
1174,non-offensive
1175,descriptive
1176,offensive
1177,reporting
1178,non-offensive
1179,offensive
1180,offensive
1181,descriptive
1182,non-offensive
1183,direct
1184,non-offensive
1185,non-offensive
1186,non-offensive
1187,descriptive
1188,descriptive
1189,descriptive
1190,descriptive
1191,reporting
1192,descriptive
1193,non-offensive
1194,non-offensive
1195,descriptive
1196,non-offensive
1197,non-offensive
1198,non-offensive
1199,descriptive
1200,reporting
1201,reporting
1202,non-offensive
1203,non-offensive
1204,direct
1205,non-offensive
1206,non-offensive
1207,non-offensive
1208,non-offensive
1209,non-offensive
1210,offensive
1211,non-offensive
1212,descriptive
1213,reporting
1214,non-offensive
1215,non-offensive
1216,descriptive
1217,non-offensive
1218,offensive
1219,descriptive
1220,reporting
1221,non-offensive
1222,descriptive
1223,non-offensive
1224,offensive
1225,descriptive
1226,offensive
1227,non-offensive
1228,reporting
1229,non-offensive
1230,descriptive
1231,descriptive
1232,descriptive
1233,offensive
1234,non-offensive
1235,non-offensive
1236,offensive
1237,non-offensive
1238,non-offensive
1239,non-offensive
1240,non-offensive
1241,descriptive
1242,non-offensive
1243,non-offensive
1244,non-offensive
1245,non-offensive
1246,non-offensive
1247,non-offensive
1248,non-offensive
1249,descriptive
1250,descriptive
1251,non-offensive
1252,direct
1253,descriptive
1254,descriptive
1255,descriptive
1256,descriptive
1257,reporting
1258,offensive
1259,descriptive
1260,descriptive
1261,non-offensive
1262,non-offensive
1263,reporting
1264,offensive
1265,non-offensive
1266,offensive
1267,non-offensive
1268,offensive
1269,non-offensive
1270,non-offensive
1271,non-offensive
1272,descriptive
1273,descriptive
1274,descriptive
1275,non-offensive
1276,descriptive
1277,non-offensive
1278,offensive
1279,descriptive
1280,descriptive
1281,offensive
1282,descriptive
1283,descriptive
1284,descriptive
1285,direct
1286,descriptive
1287,non-offensive
1288,descriptive
1289,non-offensive
1290,non-offensive
1291,reporting
1292,descriptive
1293,non-offensive
1294,descriptive
1295,reporting
1296,descriptive
1297,descriptive
1298,descriptive
1299,non-offensive
1300,offensive
1301,descriptive
1302,offensive
1303,non-offensive
1304,descriptive
1305,offensive
1306,offensive
1307,reporting
1308,reporting
1309,non-offensive
1310,non-offensive
1311,offensive
1312,non-offensive
1313,reporting
1314,non-offensive
1315,reporting
1316,non-offensive
1317,descriptive
1318,descriptive
1319,reporting
1320,non-offensive
1321,non-offensive
1322,descriptive
1323,descriptive
1324,offensive
1325,non-offensive
1326,offensive
1327,offensive
1328,non-offensive
1329,descriptive
1330,non-offensive
1331,non-offensive
1332,non-offensive
1333,reporting
1334,non-offensive
1335,non-offensive
1336,non-offensive
1337,reporting
1338,non-offensive
1339,offensive
1340,descriptive
1341,descriptive
1342,non-offensive
1343,non-offensive
1344,non-offensive
1345,reporting
1346,non-offensive
1347,reporting
1348,non-offensive
1349,non-offensive
1350,descriptive
1351,direct
1352,non-offensive
1353,descriptive
1354,direct
1355,non-offensive
1356,non-offensive
1357,offensive
1358,descriptive
1359,non-offensive
1360,direct
1361,offensive
1362,non-offensive
1363,non-offensive
1364,non-offensive
1365,descriptive
1366,non-offensive
1367,offensive
1368,offensive
1369,non-offensive
1370,offensive
1371,reporting
1372,direct
1373,descriptive
1374,reporting
1375,descriptive
1376,descriptive
1377,non-offensive
1378,offensive
1379,reporting
1380,reporting
1381,non-offensive
1382,descriptive
1383,non-offensive
1384,non-offensive
1385,offensive
1386,descriptive
1387,offensive
1388,reporting
1389,descriptive
1390,offensive
1391,direct
1392,descriptive
1393,descriptive
1394,non-offensive
1395,non-offensive
1396,non-offensive
1397,non-offensive
1398,non-offensive
1399,non-offensive
1400,reporting
1401,descriptive
1402,descriptive
1403,descriptive
1404,non-offensive
1405,offensive
1406,descriptive
1407,descriptive
1408,reporting
1409,direct
1410,non-offensive
1411,non-offensive
1412,offensive
1413,non-offensive
1414,descriptive
1415,non-offensive
1416,descriptive
1417,descriptive
1418,descriptive
1419,non-offensive
1420,descriptive
1421,offensive
1422,non-offensive
1423,non-offensive
1424,non-offensive
1425,non-offensive
1426,descriptive
1427,descriptive
1428,non-offensive
1429,descriptive
1430,descriptive
1431,reporting
1432,non-offensive
1433,non-offensive
1434,non-offensive
1435,non-offensive
1436,non-offensive
1437,non-offensive
1438,descriptive
1439,descriptive
1440,reporting
1441,descriptive
1442,offensive
1443,non-offensive
1444,descriptive
1445,descriptive
1446,descriptive
1447,non-offensive
1448,non-offensive
1449,descriptive
1450,descriptive
1451,non-offensive
1452,reporting
1453,non-offensive
1454,descriptive
1455,offensive
1456,direct
1457,non-offensive
1458,descriptive
1459,non-offensive
1460,direct
1461,reporting
1462,descriptive
1463,non-offensive
1464,offensive
1465,reporting
1466,non-offensive
1467,non-offensive
1468,non-offensive
1469,non-offensive
1470,offensive
1471,descriptive
1472,reporting
1473,descriptive
1474,descriptive
1475,descriptive
1476,descriptive
1477,non-offensive
1478,direct
1479,non-offensive
1480,non-offensive
1481,descriptive
1482,offensive
1483,descriptive
1484,non-offensive
1485,non-offensive
1486,non-offensive
1487,non-offensive
1488,non-offensive
1489,offensive
1490,offensive
1491,offensive
1492,descriptive
1493,non-offensive
1494,non-offensive
1495,descriptive
1496,offensive
1497,reporting
1498,descriptive
1499,offensive
1500,descriptive
1501,non-offensive
1502,non-offensive
1503,offensive
1504,reporting
1505,reporting
1506,offensive
1507,descriptive
1508,reporting
1509,non-offensive
1510,descriptive
1511,reporting
1512,descriptive
1513,reporting
1514,descriptive
1515,non-offensive
1516,descriptive
1517,reporting
1518,non-offensive
1519,non-offensive
1520,non-offensive
1521,direct
1522,descriptive
1523,non-offensive
1524,non-offensive
1525,offensive
1526,non-offensive
1527,offensive
1528,descriptive
1529,offensive
1530,offensive
1531,offensive
1532,descriptive
1533,offensive
1534,descriptive
1535,non-offensive
1536,non-offensive
1537,non-offensive
1538,descriptive
1539,descriptive
1540,descriptive
1541,non-offensive
1542,direct
1543,descriptive
1544,non-offensive
1545,descriptive
1546,direct
1547,offensive
1548,descriptive
1549,reporting
1550,non-offensive
1551,non-offensive
1552,non-offensive
1553,offensive
1554,descriptive
1555,offensive
1556,non-offensive
1557,direct
1558,non-offensive
1559,non-offensive
1560,reporting
1561,non-offensive
1562,reporting
1563,reporting
1564,non-offensive
1565,non-offensive
1566,offensive
1567,descriptive
1568,offensive
1569,offensive
1570,descriptive
1571,non-offensive
1572,non-offensive
1573,offensive
1574,non-offensive
1575,non-offensive
1576,direct
1577,offensive
1578,descriptive
1579,descriptive
1580,non-offensive
1581,non-offensive
1582,descriptive
1583,non-offensive
1584,non-offensive
1585,non-offensive
1586,non-offensive
1587,non-offensive
1588,non-offensive
1589,non-offensive
1590,non-offensive
1591,descriptive
1592,non-offensive
1593,non-offensive
1594,non-offensive
1595,descriptive
1596,descriptive
1597,descriptive
1598,non-offensive
1599,offensive
1600,direct
1601,non-offensive
1602,descriptive
1603,reporting
1604,descriptive
1605,non-offensive
1606,non-offensive
1607,non-offensive
1608,offensive
1609,descriptive
1610,non-offensive
1611,direct
1612,descriptive
1613,descriptive
1614,offensive
1615,offensive
1616,non-offensive
1617,descriptive
1618,non-offensive
1619,offensive
1620,descriptive
1621,non-offensive
1622,descriptive
1623,non-offensive
1624,descriptive
1625,non-offensive
1626,offensive
1627,non-offensive
1628,non-offensive
1629,non-offensive
1630,non-offensive
1631,offensive
1632,non-offensive
1633,descriptive
1634,non-offensive
1635,non-offensive
1636,reporting
1637,descriptive
1638,non-offensive
1639,descriptive
1640,non-offensive
1641,non-offensive
1642,descriptive
1643,descriptive
1644,reporting
1645,descriptive
1646,offensive
1647,descriptive
1648,descriptive
1649,non-offensive
1650,descriptive
1651,descriptive
1652,offensive
1653,non-offensive
1654,reporting
1655,descriptive
1656,non-offensive
1657,non-offensive
1658,non-offensive
1659,non-offensive
1660,descriptive
1661,offensive
1662,descriptive
1663,descriptive
1664,non-offensive
1665,offensive
1666,non-offensive
1667,descriptive
1668,non-offensive
1669,non-offensive
1670,descriptive
1671,reporting
1672,offensive
1673,descriptive
1674,descriptive
1675,descriptive
1676,reporting
1677,reporting
1678,offensive
1679,offensive
1680,non-offensive
1681,direct
1682,reporting
1683,descriptive
1684,offensive
1685,reporting
1686,descriptive
1687,descriptive
1688,non-offensive
1689,non-offensive
1690,descriptive
1691,non-offensive
1692,non-offensive
1693,descriptive
1694,reporting
1695,direct
1696,descriptive
1697,descriptive
1698,descriptive
1699,direct
1700,non-offensive
1701,descriptive
1702,non-offensive
1703,offensive
1704,non-offensive
1705,direct
1706,non-offensive
1707,descriptive
1708,offensive
1709,descriptive
1710,reporting
1711,non-offensive
1712,reporting
1713,reporting
1714,descriptive
1715,direct
1716,descriptive
1717,reporting
1718,descriptive
1719,descriptive
1720,non-offensive
1721,non-offensive
1722,offensive
1723,offensive
1724,descriptive
1725,descriptive
1726,reporting
1727,non-offensive
1728,non-offensive
1729,non-offensive
1730,direct
1731,non-offensive
1732,descriptive
1733,descriptive
1734,non-offensive
1735,descriptive
1736,reporting
1737,non-offensive
1738,non-offensive
1739,reporting
1740,non-offensive
1741,non-offensive
1742,descriptive
1743,non-offensive
1744,descriptive
1745,offensive
1746,direct
1747,non-offensive
1748,descriptive
1749,non-offensive
1750,descriptive
1751,descriptive
1752,offensive
1753,descriptive
1754,descriptive
1755,non-offensive
1756,non-offensive
1757,reporting
1758,offensive
1759,descriptive
1760,descriptive
1761,descriptive
1762,non-offensive
1763,non-offensive
1764,descriptive
1765,non-offensive
1766,descriptive
1767,descriptive
1768,descriptive
1769,non-offensive
1770,offensive
1771,descriptive
1772,offensive
1773,reporting
1774,non-offensive
1775,descriptive
1776,descriptive
1777,direct
1778,descriptive
1779,descriptive
1780,offensive
1781,offensive
1782,descriptive
1783,descriptive
1784,descriptive
1785,non-offensive
1786,descriptive
1787,non-offensive
1788,descriptive
1789,descriptive
1790,descriptive
1791,direct
1792,non-offensive
1793,non-offensive
1794,non-offensive
1795,non-offensive
1796,descriptive
1797,non-offensive
1798,non-offensive
1799,non-offensive
1800,direct
1801,non-offensive
1802,descriptive
1803,non-offensive
1804,direct
1805,offensive
1806,descriptive
1807,non-offensive
1808,non-offensive
1809,non-offensive
1810,offensive
1811,non-offensive
1812,descriptive
1813,direct
1814,descriptive
1815,non-offensive
1816,non-offensive
1817,descriptive
1818,non-offensive
1819,descriptive
1820,descriptive
1821,offensive
1822,descriptive
1823,descriptive
1824,descriptive
1825,reporting
1826,offensive
1827,descriptive
1828,descriptive
1829,non-offensive
1830,descriptive
1831,descriptive
1832,non-offensive
1833,non-offensive
1834,offensive
1835,non-offensive
1836,descriptive
1837,non-offensive
1838,reporting
1839,non-offensive
1840,descriptive
1841,non-offensive
1842,descriptive
1843,descriptive
1844,non-offensive
1845,descriptive
1846,offensive
1847,non-offensive
1848,non-offensive
1849,descriptive
1850,reporting
1851,non-offensive
1852,reporting
1853,descriptive
1854,direct
1855,non-offensive
1856,non-offensive
1857,non-offensive
1858,offensive
1859,descriptive
1860,non-offensive
1861,non-offensive
1862,non-offensive
1863,non-offensive
1864,non-offensive
1865,offensive
1866,descriptive
1867,descriptive
1868,descriptive
1869,non-offensive
1870,offensive
1871,descriptive
1872,descriptive
1873,descriptive
1874,descriptive
1875,offensive
1876,non-offensive
1877,reporting
1878,non-offensive
1879,descriptive
1880,reporting
1881,non-offensive
1882,non-offensive
1883,non-offensive
1884,non-offensive
1885,offensive
1886,descriptive
1887,descriptive
1888,offensive
1889,offensive
1890,descriptive
1891,non-offensive
1892,offensive
1893,descriptive
1894,non-offensive
1895,descriptive
1896,descriptive
1897,non-offensive
1898,non-offensive
1899,non-offensive
1900,non-offensive
1901,offensive
1902,offensive
1903,descriptive
1904,offensive
1905,descriptive
1906,non-offensive
1907,non-offensive
1908,offensive
1909,non-offensive
1910,reporting
1911,descriptive
1912,descriptive
1913,descriptive
1914,non-offensive
1915,descriptive
1916,non-offensive
1917,descriptive
1918,descriptive
1919,direct
1920,descriptive
1921,non-offensive
1922,descriptive
1923,non-offensive
1924,descriptive
1925,reporting
1926,descriptive
1927,offensive
1928,descriptive
1929,non-offensive
1930,descriptive
1931,offensive
1932,non-offensive
1933,descriptive
1934,descriptive
1935,non-offensive
1936,offensive
1937,offensive
1938,reporting
1939,offensive
1940,offensive
1941,offensive
1942,descriptive
1943,descriptive
1944,descriptive
1945,non-offensive
1946,non-offensive
1947,non-offensive
1948,non-offensive
1949,non-offensive
1950,non-offensive
1951,descriptive
1952,non-offensive
1953,non-offensive
1954,offensive
1955,non-offensive
1956,reporting
1957,descriptive
1958,descriptive
1959,descriptive
1960,non-offensive
1961,non-offensive
1962,non-offensive
1963,offensive
1964,descriptive
1965,descriptive
1966,non-offensive
1967,non-offensive
1968,non-offensive
1969,descriptive
1970,descriptive
1971,descriptive
1972,descriptive
1973,non-offensive
1974,non-offensive
1975,descriptive
1976,descriptive
1977,non-offensive
1978,descriptive
1979,descriptive
1980,non-offensive
1981,descriptive
1982,offensive
1983,direct
1984,descriptive
1985,offensive
1986,descriptive
1987,non-offensive
1988,offensive
1989,reporting
1990,descriptive
1991,non-offensive
1992,descriptive
1993,offensive
1994,non-offensive
1995,direct
1996,non-offensive
1997,reporting
1998,offensive
1999,descriptive
2000,descriptive
2001,descriptive
2002,descriptive
2003,non-offensive
2004,offensive
2005,non-offensive
2006,descriptive
2007,non-offensive
2008,descriptive
2009,descriptive
2010,non-offensive
2011,offensive
2012,descriptive
2013,non-offensive
2014,non-offensive
2015,reporting
2016,non-offensive
2017,descriptive
2018,non-offensive
2019,offensive
2020,offensive
2021,descriptive
2022,non-offensive
2023,non-offensive
2024,non-offensive
2025,non-offensive
2026,offensive
2027,descriptive
2028,non-offensive
2029,non-offensive
2030,descriptive
2031,reporting
2032,descriptive
2033,descriptive
2034,reporting
2035,offensive
2036,non-offensive
2037,descriptive
2038,non-offensive
2039,non-offensive
2040,descriptive
2041,direct
2042,descriptive
2043,descriptive
2044,descriptive
2045,non-offensive
2046,non-offensive
2047,descriptive
2048,non-offensive
2049,reporting
2050,non-offensive
2051,non-offensive
2052,descriptive
2053,non-offensive
2054,descriptive
2055,offensive
2056,non-offensive
2057,non-offensive
2058,descriptive
2059,descriptive
2060,offensive
2061,reporting
2062,descriptive
2063,offensive
2064,offensive
2065,non-offensive
2066,non-offensive
2067,non-offensive
2068,non-offensive
2069,reporting
2070,descriptive
2071,offensive
2072,non-offensive
2073,offensive
2074,offensive
2075,reporting
2076,descriptive
2077,descriptive
2078,offensive
2079,offensive
2080,descriptive
2081,offensive
2082,descriptive
2083,non-offensive
2084,offensive
2085,non-offensive
2086,reporting
2087,offensive
2088,non-offensive
2089,non-offensive
2090,descriptive
2091,non-offensive
2092,non-offensive
2093,non-offensive
2094,reporting
2095,non-offensive
2096,non-offensive
2097,non-offensive
2098,descriptive
2099,offensive
2100,non-offensive
2101,descriptive
2102,descriptive
2103,non-offensive
2104,non-offensive
2105,descriptive
2106,descriptive
2107,reporting
2108,descriptive
2109,non-offensive
2110,descriptive
2111,non-offensive
2112,descriptive
2113,descriptive
2114,descriptive
2115,descriptive
2116,descriptive
2117,reporting
2118,descriptive
2119,descriptive
2120,non-offensive
2121,descriptive
2122,non-offensive
2123,non-offensive
2124,descriptive
2125,descriptive
2126,offensive
2127,descriptive
2128,non-offensive
2129,offensive
2130,non-offensive
2131,non-offensive
2132,non-offensive
2133,descriptive
2134,descriptive
2135,non-offensive
2136,descriptive
2137,non-offensive
2138,descriptive
2139,descriptive
2140,non-offensive
2141,non-offensive
2142,non-offensive
2143,non-offensive
2144,descriptive
2145,descriptive
2146,descriptive
2147,reporting
2148,non-offensive
2149,descriptive
2150,descriptive
2151,non-offensive
2152,non-offensive
2153,descriptive
2154,non-offensive
2155,descriptive
2156,descriptive
2157,non-offensive
2158,non-offensive
2159,descriptive
2160,descriptive
2161,reporting
2162,non-offensive
2163,descriptive
2164,descriptive
2165,offensive
2166,descriptive
2167,descriptive
2168,descriptive
2169,descriptive
2170,offensive
2171,non-offensive
2172,descriptive
2173,offensive
2174,non-offensive
2175,non-offensive
2176,offensive
2177,descriptive
2178,descriptive
2179,descriptive
2180,descriptive
2181,non-offensive
2182,non-offensive
2183,non-offensive
2184,non-offensive
2185,descriptive
2186,offensive
2187,non-offensive
2188,descriptive
2189,descriptive
2190,reporting
2191,reporting
2192,non-offensive
2193,offensive
2194,direct
2195,offensive
2196,descriptive
2197,non-offensive
2198,direct
2199,reporting
2200,descriptive
2201,non-offensive
2202,non-offensive
2203,offensive
2204,offensive
2205,descriptive
2206,descriptive
2207,descriptive
2208,reporting
2209,descriptive
2210,descriptive
2211,descriptive
2212,non-offensive
2213,offensive
2214,direct
2215,offensive
2216,descriptive
2217,reporting
2218,non-offensive
2219,descriptive
2220,descriptive
2221,descriptive
2222,non-offensive
2223,descriptive
2224,direct
2225,non-offensive
2226,descriptive
2227,non-offensive
2228,descriptive
2229,non-offensive
2230,non-offensive
2231,descriptive
2232,direct
2233,descriptive
2234,offensive
2235,reporting
2236,offensive
2237,non-offensive
2238,reporting
2239,descriptive
2240,descriptive
2241,non-offensive
2242,non-offensive
2243,non-offensive
2244,descriptive
2245,reporting
2246,reporting
2247,descriptive
2248,non-offensive
2249,non-offensive
2250,non-offensive
2251,non-offensive
2252,direct
2253,direct
2254,non-offensive
2255,reporting
2256,non-offensive
2257,non-offensive
2258,non-offensive
2259,offensive
2260,descriptive
2261,non-offensive
2262,offensive
2263,reporting
2264,non-offensive
2265,reporting
2266,non-offensive
2267,descriptive
2268,non-offensive
2269,descriptive
2270,direct
2271,descriptive
2272,descriptive
2273,descriptive
2274,non-offensive
2275,non-offensive
2276,non-offensive
2277,descriptive
2278,reporting
2279,reporting
2280,offensive
2281,non-offensive
2282,offensive
2283,descriptive
2284,offensive
2285,descriptive
2286,non-offensive
2287,non-offensive
2288,non-offensive
2289,descriptive
2290,non-offensive
2291,non-offensive
2292,offensive
2293,non-offensive
2294,non-offensive
2295,non-offensive
2296,descriptive
2297,non-offensive
2298,descriptive
2299,offensive
2300,offensive
2301,descriptive
2302,descriptive
2303,non-offensive
2304,non-offensive
2305,non-offensive
2306,reporting
2307,non-offensive
2308,non-offensive
2309,reporting
2310,descriptive
2311,descriptive
2312,non-offensive
2313,descriptive
2314,non-offensive
2315,descriptive
2316,offensive
2317,non-offensive
2318,offensive
2319,non-offensive
2320,offensive
2321,descriptive
2322,offensive
2323,descriptive
2324,direct
2325,non-offensive
2326,descriptive
2327,non-offensive
2328,non-offensive
2329,non-offensive
2330,reporting
2331,non-offensive
2332,non-offensive
2333,descriptive
2334,non-offensive
2335,direct
2336,non-offensive
2337,non-offensive
2338,descriptive
2339,descriptive
2340,non-offensive
2341,descriptive
2342,descriptive
2343,offensive
2344,non-offensive
2345,direct
2346,descriptive
2347,non-offensive
2348,descriptive
2349,descriptive
2350,offensive
2351,offensive
2352,descriptive
2353,offensive
2354,offensive
2355,non-offensive
2356,non-offensive
2357,non-offensive
2358,non-offensive
2359,non-offensive
2360,non-offensive
2361,descriptive
2362,non-offensive
2363,non-offensive
2364,descriptive
2365,non-offensive
2366,non-offensive
2367,non-offensive
2368,descriptive
2369,descriptive
2370,descriptive
2371,offensive
2372,descriptive
2373,non-offensive
2374,non-offensive
2375,offensive
2376,offensive
2377,descriptive
2378,descriptive
2379,non-offensive
2380,descriptive
2381,descriptive
2382,non-offensive
2383,descriptive
2384,non-offensive
2385,reporting
2386,reporting
2387,descriptive
2388,non-offensive
2389,non-offensive
2390,non-offensive
2391,offensive
2392,descriptive
2393,reporting
2394,descriptive
2395,reporting
2396,descriptive
2397,descriptive
2398,descriptive
2399,descriptive
2400,offensive
2401,descriptive
2402,non-offensive
2403,non-offensive
2404,descriptive
2405,non-offensive
2406,non-offensive
2407,non-offensive
2408,direct
2409,non-offensive
2410,descriptive
2411,descriptive
2412,descriptive
2413,non-offensive
2414,non-offensive
2415,non-offensive
2416,non-offensive
2417,descriptive
2418,non-offensive
2419,descriptive
2420,offensive
2421,descriptive
2422,non-offensive
2423,descriptive
2424,non-offensive
2425,non-offensive
2426,non-offensive
2427,offensive
2428,descriptive
2429,descriptive
2430,descriptive
2431,reporting
2432,descriptive
2433,descriptive
2434,non-offensive
2435,descriptive
2436,non-offensive
2437,descriptive
2438,non-offensive
2439,offensive
2440,descriptive
2441,non-offensive
2442,reporting
2443,non-offensive
2444,descriptive
2445,non-offensive
2446,descriptive
2447,descriptive
2448,offensive
2449,reporting
2450,non-offensive
2451,descriptive
2452,descriptive
2453,reporting
2454,non-offensive
2455,non-offensive
2456,non-offensive
2457,non-offensive
2458,descriptive
2459,descriptive
2460,reporting
2461,reporting
2462,offensive
2463,descriptive
2464,non-offensive
2465,non-offensive
2466,non-offensive
2467,descriptive
2468,non-offensive
2469,non-offensive
2470,offensive
2471,reporting
2472,offensive
2473,non-offensive
2474,reporting
2475,descriptive
2476,descriptive
2477,descriptive
2478,non-offensive
2479,descriptive
2480,non-offensive
2481,offensive
2482,descriptive
2483,direct
2484,descriptive
2485,non-offensive
2486,offensive
2487,descriptive
2488,direct
2489,non-offensive
2490,non-offensive
2491,non-offensive
2492,direct
2493,non-offensive
2494,descriptive
2495,descriptive
2496,non-offensive
2497,direct
2498,offensive
2499,non-offensive
2500,non-offensive
2501,offensive
2502,offensive
2503,non-offensive
2504,non-offensive
2505,reporting
2506,reporting
2507,offensive
2508,non-offensive
2509,descriptive
2510,non-offensive
2511,descriptive
2512,non-offensive
2513,offensive
2514,non-offensive
2515,direct
2516,offensive
2517,non-offensive
2518,reporting
2519,non-offensive
2520,non-offensive
2521,offensive
2522,non-offensive
2523,direct
2524,non-offensive
2525,non-offensive
2526,descriptive
2527,non-offensive
2528,descriptive
2529,non-offensive
2530,descriptive
2531,descriptive
2532,non-offensive
2533,non-offensive
2534,non-offensive
2535,non-offensive
2536,non-offensive
2537,descriptive
2538,non-offensive
2539,non-offensive
2540,non-offensive
2541,offensive
2542,non-offensive
2543,offensive
2544,descriptive
2545,descriptive
2546,non-offensive
2547,reporting
2548,descriptive
2549,descriptive
2550,non-offensive
2551,non-offensive
2552,direct
2553,offensive
2554,non-offensive
2555,non-offensive
2556,reporting
2557,offensive
2558,descriptive
2559,descriptive
2560,descriptive
2561,descriptive
2562,reporting
2563,offensive
2564,non-offensive
2565,non-offensive
2566,offensive
2567,offensive
2568,offensive
2569,non-offensive
2570,non-offensive
2571,non-offensive
2572,descriptive
2573,descriptive
2574,descriptive
2575,non-offensive
2576,descriptive
2577,descriptive
2578,descriptive
2579,non-offensive
2580,descriptive
2581,offensive
2582,descriptive
2583,non-offensive
2584,descriptive
2585,reporting
2586,non-offensive
2587,non-offensive
2588,non-offensive
2589,descriptive
2590,offensive
2591,reporting
2592,direct
2593,descriptive
2594,descriptive
2595,reporting
2596,non-offensive
2597,descriptive
2598,direct
2599,descriptive
2600,non-offensive
2601,offensive
2602,non-offensive
2603,descriptive
2604,non-offensive
2605,descriptive
2606,reporting
2607,reporting
2608,descriptive
2609,descriptive
2610,non-offensive
2611,reporting
2612,non-offensive
2613,descriptive
2614,non-offensive
2615,descriptive
2616,descriptive
2617,descriptive
2618,reporting
2619,non-offensive
2620,non-offensive
2621,descriptive
2622,non-offensive
2623,reporting
2624,descriptive
2625,offensive
2626,non-offensive
2627,non-offensive
2628,descriptive
2629,descriptive
2630,non-offensive
2631,non-offensive
2632,descriptive
2633,non-offensive
2634,non-offensive
2635,reporting
2636,non-offensive
2637,offensive
2638,descriptive
2639,descriptive
2640,non-offensive
2641,descriptive
2642,descriptive
2643,descriptive
2644,non-offensive
2645,non-offensive
2646,offensive
2647,offensive
2648,descriptive
2649,descriptive
2650,descriptive
2651,offensive
2652,non-offensive
2653,non-offensive
2654,non-offensive
2655,non-offensive
2656,direct
2657,descriptive
2658,offensive
2659,non-offensive
2660,non-offensive
2661,non-offensive
2662,non-offensive
2663,non-offensive
2664,descriptive
2665,descriptive
2666,non-offensive
2667,direct
2668,offensive
2669,offensive
2670,non-offensive
2671,non-offensive
2672,offensive
2673,non-offensive
2674,non-offensive
2675,descriptive
2676,reporting
2677,non-offensive
2678,descriptive
2679,non-offensive
2680,descriptive
2681,descriptive
2682,non-offensive
2683,non-offensive
2684,direct
2685,descriptive
2686,descriptive
2687,non-offensive
2688,non-offensive
2689,non-offensive
2690,descriptive
2691,descriptive
2692,descriptive
2693,descriptive
2694,descriptive
2695,reporting
2696,descriptive
2697,direct
2698,descriptive
2699,offensive
2700,non-offensive
2701,offensive
2702,descriptive
2703,non-offensive
2704,non-offensive
2705,non-offensive
2706,direct
2707,non-offensive
2708,non-offensive
2709,descriptive
2710,offensive
2711,descriptive
2712,descriptive
2713,direct
2714,non-offensive
2715,non-offensive
2716,non-offensive
2717,reporting
2718,offensive
2719,descriptive
2720,descriptive
2721,non-offensive
2722,non-offensive
2723,direct
2724,descriptive
2725,non-offensive
2726,descriptive
2727,non-offensive
2728,descriptive
2729,non-offensive
2730,descriptive
2731,non-offensive
2732,non-offensive
2733,non-offensive
2734,offensive
2735,non-offensive
2736,non-offensive
2737,non-offensive
2738,descriptive
2739,descriptive
2740,descriptive
2741,non-offensive
2742,non-offensive
2743,descriptive
2744,offensive
2745,non-offensive
2746,non-offensive
2747,descriptive
2748,non-offensive
2749,descriptive
2750,descriptive
2751,descriptive
2752,descriptive
2753,non-offensive
2754,non-offensive
2755,descriptive
2756,descriptive
2757,non-offensive
2758,non-offensive
2759,non-offensive
2760,non-offensive
2761,direct
2762,descriptive
2763,non-offensive
2764,non-offensive
2765,direct
2766,descriptive
2767,non-offensive
2768,descriptive
2769,offensive
2770,descriptive
2771,non-offensive
2772,descriptive
2773,descriptive
2774,descriptive
2775,offensive
2776,descriptive
2777,non-offensive
2778,descriptive
2779,non-offensive
2780,reporting
2781,descriptive
2782,descriptive
2783,descriptive
2784,descriptive
2785,non-offensive
2786,descriptive
2787,reporting
2788,non-offensive
2789,direct
2790,non-offensive
2791,non-offensive
2792,non-offensive
2793,descriptive
2794,descriptive
2795,descriptive
2796,non-offensive
2797,offensive
2798,reporting
2799,descriptive
2800,descriptive
2801,offensive
2802,descriptive
2803,descriptive
2804,non-offensive
2805,descriptive
2806,non-offensive
2807,offensive
2808,descriptive
2809,reporting
2810,descriptive
2811,descriptive
2812,non-offensive
2813,reporting
2814,descriptive
2815,descriptive
2816,descriptive
2817,descriptive
2818,descriptive
2819,non-offensive
2820,descriptive
2821,descriptive
2822,non-offensive
2823,descriptive
2824,direct
2825,reporting
2826,non-offensive
2827,direct
2828,non-offensive
2829,non-offensive
2830,offensive
2831,descriptive
2832,non-offensive
2833,descriptive
2834,non-offensive
2835,non-offensive
2836,descriptive
2837,descriptive
2838,non-offensive
2839,non-offensive
2840,descriptive
2841,non-offensive
2842,non-offensive
2843,non-offensive
2844,descriptive
2845,descriptive
2846,descriptive
2847,descriptive
2848,offensive
2849,non-offensive
2850,offensive
2851,descriptive
2852,reporting
2853,non-offensive
2854,offensive
2855,offensive
2856,reporting
2857,descriptive
2858,non-offensive
2859,offensive
2860,non-offensive
2861,direct
2862,descriptive
2863,offensive
2864,descriptive
2865,non-offensive
2866,non-offensive
2867,reporting
2868,descriptive
2869,reporting
2870,descriptive
2871,descriptive
2872,offensive
2873,descriptive
2874,non-offensive
2875,offensive
2876,descriptive
2877,non-offensive
2878,non-offensive
2879,offensive
2880,descriptive
2881,non-offensive
2882,descriptive
2883,descriptive
2884,descriptive
2885,offensive
2886,offensive
2887,descriptive
2888,reporting
2889,reporting
2890,descriptive
2891,descriptive
2892,descriptive
2893,non-offensive
2894,direct
2895,descriptive
2896,non-offensive
2897,descriptive
2898,non-offensive
2899,non-offensive
2900,descriptive
2901,reporting
2902,non-offensive
2903,offensive
2904,reporting
2905,non-offensive
2906,non-offensive
2907,non-offensive
2908,offensive
2909,descriptive
2910,descriptive
2911,non-offensive
2912,descriptive
2913,non-offensive
2914,descriptive
2915,descriptive
2916,descriptive
2917,non-offensive
2918,descriptive
2919,descriptive
2920,non-offensive
2921,non-offensive
2922,reporting
2923,non-offensive
2924,non-offensive
2925,reporting
2926,non-offensive
2927,descriptive
2928,non-offensive
2929,reporting
2930,descriptive
2931,reporting
2932,descriptive
2933,descriptive
2934,non-offensive
2935,non-offensive
2936,descriptive
2937,descriptive
2938,offensive
2939,descriptive
2940,non-offensive
2941,non-offensive
2942,non-offensive
2943,non-offensive
2944,descriptive
2945,offensive
2946,descriptive
2947,offensive
2948,offensive
2949,non-offensive
2950,non-offensive
2951,non-offensive
2952,offensive
2953,descriptive
2954,direct
2955,offensive
2956,descriptive
2957,non-offensive
2958,non-offensive
2959,non-offensive
2960,reporting
2961,descriptive
2962,non-offensive
2963,non-offensive
2964,non-offensive
2965,descriptive
2966,direct
2967,reporting
2968,offensive
2969,descriptive
2970,non-offensive
2971,reporting
2972,offensive
2973,reporting
2974,reporting
2975,descriptive
2976,offensive
2977,descriptive
2978,non-offensive
2979,non-offensive
2980,non-offensive
2981,direct
2982,non-offensive
2983,offensive
2984,offensive
2985,non-offensive
2986,descriptive
2987,descriptive
2988,descriptive
2989,descriptive
2990,reporting
2991,descriptive
2992,offensive
2993,reporting
2994,non-offensive
2995,offensive
2996,descriptive
2997,non-offensive
2998,descriptive
2999,reporting
3000,reporting
3001,offensive
3002,descriptive
3003,non-offensive
3004,non-offensive
3005,descriptive
3006,non-offensive
3007,reporting
3008,non-offensive
3009,descriptive
3010,descriptive
3011,reporting
3012,non-offensive
3013,descriptive
3014,non-offensive
3015,offensive
3016,descriptive
3017,descriptive
3018,offensive
3019,non-offensive
3020,descriptive
3021,non-offensive
3022,descriptive
3023,non-offensive
3024,descriptive
3025,descriptive
3026,descriptive
3027,non-offensive
3028,offensive
3029,non-offensive
3030,offensive
3031,descriptive
3032,non-offensive
3033,reporting
3034,non-offensive
3035,non-offensive
3036,non-offensive
3037,non-offensive
3038,non-offensive
3039,non-offensive
3040,descriptive
3041,descriptive
3042,descriptive
3043,non-offensive
3044,descriptive
3045,descriptive
3046,offensive
3047,descriptive
3048,non-offensive
3049,non-offensive
3050,non-offensive
3051,descriptive
3052,descriptive
3053,descriptive
3054,descriptive
3055,descriptive
3056,reporting
3057,non-offensive
3058,reporting
3059,descriptive
3060,non-offensive
3061,non-offensive
3062,descriptive
3063,non-offensive
3064,direct
3065,reporting
3066,descriptive
3067,non-offensive
3068,descriptive
3069,descriptive
3070,non-offensive
3071,reporting
3072,non-offensive
3073,descriptive
3074,non-offensive
3075,non-offensive
3076,descriptive
3077,offensive
3078,direct
3079,non-offensive
3080,descriptive
3081,descriptive
3082,direct
3083,offensive
3084,descriptive
3085,non-offensive
3086,non-offensive
3087,offensive
3088,reporting
3089,non-offensive
3090,offensive
3091,direct
3092,non-offensive
3093,descriptive
3094,direct
3095,reporting
3096,offensive
3097,non-offensive
3098,reporting
3099,non-offensive
3100,reporting
3101,descriptive
3102,descriptive
3103,non-offensive
3104,non-offensive
3105,non-offensive
3106,non-offensive
3107,descriptive
3108,descriptive
3109,descriptive
3110,offensive
3111,descriptive
3112,descriptive
3113,non-offensive
3114,direct
3115,non-offensive
3116,descriptive
3117,descriptive
3118,offensive
3119,descriptive
3120,descriptive
3121,non-offensive
3122,descriptive
3123,offensive
3124,direct
3125,descriptive
3126,non-offensive
3127,non-offensive
3128,descriptive
3129,offensive
